project;Month;#Commits
gsi-cs-co_chart-fx;2019-05;32
gsi-cs-co_chart-fx;2019-06;79
gsi-cs-co_chart-fx;2019-07;122
gsi-cs-co_chart-fx;2019-08;79
gsi-cs-co_chart-fx;2019-09;227
gsi-cs-co_chart-fx;2019-10;63
gsi-cs-co_chart-fx;2019-11;242
gsi-cs-co_chart-fx;2019-12;126
gsi-cs-co_chart-fx;2020-01;127
gsi-cs-co_chart-fx;2020-02;248
gsi-cs-co_chart-fx;2020-03;138
gsi-cs-co_chart-fx;2020-04;180
gsi-cs-co_chart-fx;2020-05;223
gsi-cs-co_chart-fx;2020-06;178
gsi-cs-co_chart-fx;2020-07;86
gsi-cs-co_chart-fx;2020-08;95
gsi-cs-co_chart-fx;2020-09;105
gsi-cs-co_chart-fx;2020-10;98
gsi-cs-co_chart-fx;2020-11;93
gsi-cs-co_chart-fx;2020-12;27
gsi-cs-co_chart-fx;2021-01;33
gsi-cs-co_chart-fx;2021-02;51
gsi-cs-co_chart-fx;2021-03;14
gsi-cs-co_chart-fx;2021-04;4
gsi-cs-co_chart-fx;2021-05;23
gsi-cs-co_chart-fx;2021-06;69
gsi-cs-co_chart-fx;2021-07;28
gsi-cs-co_chart-fx;2021-08;0
gsi-cs-co_chart-fx;2021-09;10
gsi-cs-co_chart-fx;2021-10;0
gsi-cs-co_chart-fx;2021-11;7
gsi-cs-co_chart-fx;2021-12;2
gsi-cs-co_chart-fx;2022-01;10
gsi-cs-co_chart-fx;2022-02;17
gsi-cs-co_chart-fx;2022-03;11
gsi-cs-co_chart-fx;2022-04;0
gsi-cs-co_chart-fx;2022-05;4
gsi-cs-co_chart-fx;2022-06;3
gsi-cs-co_chart-fx;2022-07;30
gsi-cs-co_chart-fx;2022-08;8
gsi-cs-co_chart-fx;2022-09;0
gsi-cs-co_chart-fx;2022-10;2
gsi-cs-co_chart-fx;2022-11;12
gsi-cs-co_chart-fx;2022-12;2
gsi-cs-co_chart-fx;2023-01;0
gsi-cs-co_chart-fx;2023-02;1
gsi-cs-co_chart-fx;2023-03;26
gsi-cs-co_chart-fx;2023-04;15
gsi-cs-co_chart-fx;2023-05;0
gsi-cs-co_chart-fx;2023-06;46
gsi-cs-co_chart-fx;2023-07;159
gsi-cs-co_chart-fx;2023-08;304
gsi-cs-co_chart-fx;2023-09;116
gsi-cs-co_chart-fx;2023-10;4
gsi-cs-co_chart-fx;2023-11;0
gsi-cs-co_chart-fx;2023-12;0
gsi-cs-co_chart-fx;2024-01;2
gsi-cs-co_chart-fx;2024-02;3
gsi-cs-co_chart-fx;2024-03;0
gsi-cs-co_chart-fx;2024-04;0
gsi-cs-co_chart-fx;2024-05;2
gsi-cs-co_chart-fx;2024-06;2
gsi-cs-co_chart-fx;2024-07;0
gsi-cs-co_chart-fx;2024-08;5
gsi-cs-co_chart-fx;2024-09;6
gsi-cs-co_chart-fx;2024-10;0
gsi-cs-co_chart-fx;2024-11;6
gsi-cs-co_chart-fx;2024-12;5
gsi-cs-co_chart-fx;2025-01;0
gsi-cs-co_chart-fx;2025-02;0
gsi-cs-co_chart-fx;2025-03;0
gsi-cs-co_chart-fx;2025-04;0
gsi-cs-co_chart-fx;2025-05;2
gsi-cs-co_chart-fx;2025-06;3
gsi-cs-co_chart-fx;2025-07;12
gsi-cs-co_chart-fx;2025-08;3
gsi-cs-co_chart-fx;2025-09;3
bsaul_inferference;2014-07;47
bsaul_inferference;2014-08;33
bsaul_inferference;2014-09;20
bsaul_inferference;2014-10;2
bsaul_inferference;2014-11;1
bsaul_inferference;2014-12;54
bsaul_inferference;2015-01;23
bsaul_inferference;2015-02;8
bsaul_inferference;2015-03;19
bsaul_inferference;2015-04;0
bsaul_inferference;2015-05;0
bsaul_inferference;2015-06;6
bsaul_inferference;2015-07;2
bsaul_inferference;2015-08;0
bsaul_inferference;2015-09;0
bsaul_inferference;2015-10;0
bsaul_inferference;2015-11;1
bsaul_inferference;2015-12;0
bsaul_inferference;2016-01;0
bsaul_inferference;2016-02;0
bsaul_inferference;2016-03;2
bsaul_inferference;2016-04;0
bsaul_inferference;2016-05;0
bsaul_inferference;2016-06;0
bsaul_inferference;2016-07;51
bsaul_inferference;2016-08;2
bsaul_inferference;2016-09;8
bsaul_inferference;2016-10;0
bsaul_inferference;2016-11;2
bsaul_inferference;2016-12;0
bsaul_inferference;2017-01;1
bsaul_inferference;2017-02;4
bsaul_inferference;2017-03;0
bsaul_inferference;2017-04;0
bsaul_inferference;2017-05;7
bsaul_inferference;2017-06;0
bsaul_inferference;2017-07;0
bsaul_inferference;2017-08;0
bsaul_inferference;2017-09;6
bsaul_inferference;2017-10;2
bsaul_inferference;2017-11;7
bsaul_inferference;2017-12;0
bsaul_inferference;2018-01;0
bsaul_inferference;2018-02;0
bsaul_inferference;2018-03;0
bsaul_inferference;2018-04;0
bsaul_inferference;2018-05;0
bsaul_inferference;2018-06;0
bsaul_inferference;2018-07;0
bsaul_inferference;2018-08;0
bsaul_inferference;2018-09;0
bsaul_inferference;2018-10;0
bsaul_inferference;2018-11;0
bsaul_inferference;2018-12;0
bsaul_inferference;2019-01;0
bsaul_inferference;2019-02;0
bsaul_inferference;2019-03;0
bsaul_inferference;2019-04;0
bsaul_inferference;2019-05;0
bsaul_inferference;2019-06;0
bsaul_inferference;2019-07;0
bsaul_inferference;2019-08;0
bsaul_inferference;2019-09;0
bsaul_inferference;2019-10;0
bsaul_inferference;2019-11;0
bsaul_inferference;2019-12;0
bsaul_inferference;2020-01;0
bsaul_inferference;2020-02;0
bsaul_inferference;2020-03;2
bsaul_inferference;2020-04;0
bsaul_inferference;2020-05;0
bsaul_inferference;2020-06;0
bsaul_inferference;2020-07;0
bsaul_inferference;2020-08;0
bsaul_inferference;2020-09;0
bsaul_inferference;2020-10;0
bsaul_inferference;2020-11;0
bsaul_inferference;2020-12;0
bsaul_inferference;2021-01;0
bsaul_inferference;2021-02;0
bsaul_inferference;2021-03;0
bsaul_inferference;2021-04;2
bsaul_inferference;2021-05;0
bsaul_inferference;2021-06;0
bsaul_inferference;2021-07;0
bsaul_inferference;2021-08;0
bsaul_inferference;2021-09;0
bsaul_inferference;2021-10;0
bsaul_inferference;2021-11;0
bsaul_inferference;2021-12;0
bsaul_inferference;2022-01;0
bsaul_inferference;2022-02;0
bsaul_inferference;2022-03;0
bsaul_inferference;2022-04;0
bsaul_inferference;2022-05;0
bsaul_inferference;2022-06;0
bsaul_inferference;2022-07;0
bsaul_inferference;2022-08;0
bsaul_inferference;2022-09;0
bsaul_inferference;2022-10;0
bsaul_inferference;2022-11;0
bsaul_inferference;2022-12;0
bsaul_inferference;2023-01;0
bsaul_inferference;2023-02;0
bsaul_inferference;2023-03;0
bsaul_inferference;2023-04;0
bsaul_inferference;2023-05;0
bsaul_inferference;2023-06;0
bsaul_inferference;2023-07;0
bsaul_inferference;2023-08;0
bsaul_inferference;2023-09;0
bsaul_inferference;2023-10;0
bsaul_inferference;2023-11;0
bsaul_inferference;2023-12;0
bsaul_inferference;2024-01;0
bsaul_inferference;2024-02;0
bsaul_inferference;2024-03;0
bsaul_inferference;2024-04;0
bsaul_inferference;2024-05;0
bsaul_inferference;2024-06;0
bsaul_inferference;2024-07;0
bsaul_inferference;2024-08;0
bsaul_inferference;2024-09;0
bsaul_inferference;2024-10;0
bsaul_inferference;2024-11;0
bsaul_inferference;2024-12;0
bsaul_inferference;2025-01;0
bsaul_inferference;2025-02;0
bsaul_inferference;2025-03;0
bsaul_inferference;2025-04;0
bsaul_inferference;2025-05;16
daohu527_dig-into-apollo;2019-04;30
daohu527_dig-into-apollo;2019-05;94
daohu527_dig-into-apollo;2019-06;29
daohu527_dig-into-apollo;2019-07;2
daohu527_dig-into-apollo;2019-08;19
daohu527_dig-into-apollo;2019-09;45
daohu527_dig-into-apollo;2019-10;25
daohu527_dig-into-apollo;2019-11;9
daohu527_dig-into-apollo;2019-12;15
daohu527_dig-into-apollo;2020-01;5
daohu527_dig-into-apollo;2020-02;3
daohu527_dig-into-apollo;2020-03;13
daohu527_dig-into-apollo;2020-04;5
daohu527_dig-into-apollo;2020-05;8
daohu527_dig-into-apollo;2020-06;9
daohu527_dig-into-apollo;2020-07;2
daohu527_dig-into-apollo;2020-08;0
daohu527_dig-into-apollo;2020-09;20
daohu527_dig-into-apollo;2020-10;41
daohu527_dig-into-apollo;2020-11;6
daohu527_dig-into-apollo;2020-12;0
daohu527_dig-into-apollo;2021-01;0
daohu527_dig-into-apollo;2021-02;3
daohu527_dig-into-apollo;2021-03;2
daohu527_dig-into-apollo;2021-04;3
daohu527_dig-into-apollo;2021-05;0
daohu527_dig-into-apollo;2021-06;0
daohu527_dig-into-apollo;2021-07;8
daohu527_dig-into-apollo;2021-08;0
daohu527_dig-into-apollo;2021-09;1
daohu527_dig-into-apollo;2021-10;0
daohu527_dig-into-apollo;2021-11;0
daohu527_dig-into-apollo;2021-12;0
daohu527_dig-into-apollo;2022-01;4
daohu527_dig-into-apollo;2022-02;0
daohu527_dig-into-apollo;2022-03;1
daohu527_dig-into-apollo;2022-04;0
daohu527_dig-into-apollo;2022-05;13
daohu527_dig-into-apollo;2022-06;0
daohu527_dig-into-apollo;2022-07;0
daohu527_dig-into-apollo;2022-08;0
daohu527_dig-into-apollo;2022-09;0
daohu527_dig-into-apollo;2022-10;2
daohu527_dig-into-apollo;2022-11;1
daohu527_dig-into-apollo;2022-12;0
daohu527_dig-into-apollo;2023-01;0
daohu527_dig-into-apollo;2023-02;0
daohu527_dig-into-apollo;2023-03;0
daohu527_dig-into-apollo;2023-04;0
daohu527_dig-into-apollo;2023-05;0
daohu527_dig-into-apollo;2023-06;0
daohu527_dig-into-apollo;2023-07;1
daohu527_dig-into-apollo;2023-08;0
daohu527_dig-into-apollo;2023-09;0
daohu527_dig-into-apollo;2023-10;0
daohu527_dig-into-apollo;2023-11;0
daohu527_dig-into-apollo;2023-12;0
daohu527_dig-into-apollo;2024-01;0
daohu527_dig-into-apollo;2024-02;0
daohu527_dig-into-apollo;2024-03;0
daohu527_dig-into-apollo;2024-04;0
daohu527_dig-into-apollo;2024-05;2
daohu527_dig-into-apollo;2024-06;1
daohu527_dig-into-apollo;2024-07;0
daohu527_dig-into-apollo;2024-08;1
daohu527_dig-into-apollo;2024-09;2
martin2250_opencncpilot;2016-09;2
martin2250_opencncpilot;2016-10;4
martin2250_opencncpilot;2016-11;0
martin2250_opencncpilot;2016-12;0
martin2250_opencncpilot;2017-01;0
martin2250_opencncpilot;2017-02;0
martin2250_opencncpilot;2017-03;22
martin2250_opencncpilot;2017-04;2
martin2250_opencncpilot;2017-05;0
martin2250_opencncpilot;2017-06;3
martin2250_opencncpilot;2017-07;0
martin2250_opencncpilot;2017-08;0
martin2250_opencncpilot;2017-09;0
martin2250_opencncpilot;2017-10;0
martin2250_opencncpilot;2017-11;0
martin2250_opencncpilot;2017-12;24
martin2250_opencncpilot;2018-01;25
martin2250_opencncpilot;2018-02;5
martin2250_opencncpilot;2018-03;15
martin2250_opencncpilot;2018-04;0
martin2250_opencncpilot;2018-05;1
martin2250_opencncpilot;2018-06;0
martin2250_opencncpilot;2018-07;7
martin2250_opencncpilot;2018-08;1
martin2250_opencncpilot;2018-09;12
martin2250_opencncpilot;2018-10;1
martin2250_opencncpilot;2018-11;6
martin2250_opencncpilot;2018-12;7
martin2250_opencncpilot;2019-01;0
martin2250_opencncpilot;2019-02;0
martin2250_opencncpilot;2019-03;7
martin2250_opencncpilot;2019-04;2
martin2250_opencncpilot;2019-05;0
martin2250_opencncpilot;2019-06;0
martin2250_opencncpilot;2019-07;0
martin2250_opencncpilot;2019-08;0
martin2250_opencncpilot;2019-09;0
martin2250_opencncpilot;2019-10;0
martin2250_opencncpilot;2019-11;5
martin2250_opencncpilot;2019-12;0
martin2250_opencncpilot;2020-01;0
martin2250_opencncpilot;2020-02;0
martin2250_opencncpilot;2020-03;15
martin2250_opencncpilot;2020-04;0
martin2250_opencncpilot;2020-05;2
martin2250_opencncpilot;2020-06;4
martin2250_opencncpilot;2020-07;1
martin2250_opencncpilot;2020-08;3
martin2250_opencncpilot;2020-09;0
martin2250_opencncpilot;2020-10;0
martin2250_opencncpilot;2020-11;0
martin2250_opencncpilot;2020-12;0
martin2250_opencncpilot;2021-01;8
martin2250_opencncpilot;2021-02;8
martin2250_opencncpilot;2021-03;0
martin2250_opencncpilot;2021-04;0
martin2250_opencncpilot;2021-05;0
martin2250_opencncpilot;2021-06;0
martin2250_opencncpilot;2021-07;0
martin2250_opencncpilot;2021-08;0
martin2250_opencncpilot;2021-09;0
martin2250_opencncpilot;2021-10;0
martin2250_opencncpilot;2021-11;0
martin2250_opencncpilot;2021-12;0
martin2250_opencncpilot;2022-01;0
martin2250_opencncpilot;2022-02;0
martin2250_opencncpilot;2022-03;0
martin2250_opencncpilot;2022-04;23
martin2250_opencncpilot;2022-05;0
martin2250_opencncpilot;2022-06;0
martin2250_opencncpilot;2022-07;2
martin2250_opencncpilot;2022-08;0
martin2250_opencncpilot;2022-09;0
martin2250_opencncpilot;2022-10;2
martin2250_opencncpilot;2022-11;0
martin2250_opencncpilot;2022-12;0
martin2250_opencncpilot;2023-01;0
martin2250_opencncpilot;2023-02;0
martin2250_opencncpilot;2023-03;0
martin2250_opencncpilot;2023-04;0
martin2250_opencncpilot;2023-05;0
martin2250_opencncpilot;2023-06;0
martin2250_opencncpilot;2023-07;0
martin2250_opencncpilot;2023-08;0
martin2250_opencncpilot;2023-09;0
martin2250_opencncpilot;2023-10;1
martin2250_opencncpilot;2023-11;0
martin2250_opencncpilot;2023-12;0
martin2250_opencncpilot;2024-01;0
martin2250_opencncpilot;2024-02;0
martin2250_opencncpilot;2024-03;1
martin2250_opencncpilot;2024-04;0
martin2250_opencncpilot;2024-05;0
martin2250_opencncpilot;2024-06;0
martin2250_opencncpilot;2024-07;0
martin2250_opencncpilot;2024-08;9
martin2250_opencncpilot;2024-09;12
martin2250_opencncpilot;2024-10;1
martin2250_opencncpilot;2024-11;1
martin2250_opencncpilot;2024-12;0
martin2250_opencncpilot;2025-01;0
martin2250_opencncpilot;2025-02;0
martin2250_opencncpilot;2025-03;0
martin2250_opencncpilot;2025-04;3
martin2250_opencncpilot;2025-05;2
martin2250_opencncpilot;2025-06;0
martin2250_opencncpilot;2025-07;0
martin2250_opencncpilot;2025-08;0
martin2250_opencncpilot;2025-09;0
martin2250_opencncpilot;2025-10;4
usgs-astrogeology_isis3;2010-06;1
usgs-astrogeology_isis3;2010-07;61
usgs-astrogeology_isis3;2010-08;22
usgs-astrogeology_isis3;2010-09;168
usgs-astrogeology_isis3;2010-10;73
usgs-astrogeology_isis3;2010-11;149
usgs-astrogeology_isis3;2010-12;171
usgs-astrogeology_isis3;2011-01;158
usgs-astrogeology_isis3;2011-02;158
usgs-astrogeology_isis3;2011-03;194
usgs-astrogeology_isis3;2011-04;149
usgs-astrogeology_isis3;2011-05;184
usgs-astrogeology_isis3;2011-06;149
usgs-astrogeology_isis3;2011-07;152
usgs-astrogeology_isis3;2011-08;167
usgs-astrogeology_isis3;2011-09;155
usgs-astrogeology_isis3;2011-10;159
usgs-astrogeology_isis3;2011-11;55
usgs-astrogeology_isis3;2011-12;28
usgs-astrogeology_isis3;2012-01;89
usgs-astrogeology_isis3;2012-02;24
usgs-astrogeology_isis3;2012-03;39
usgs-astrogeology_isis3;2012-04;77
usgs-astrogeology_isis3;2012-05;59
usgs-astrogeology_isis3;2012-06;27
usgs-astrogeology_isis3;2012-07;40
usgs-astrogeology_isis3;2012-08;45
usgs-astrogeology_isis3;2012-09;23
usgs-astrogeology_isis3;2012-10;50
usgs-astrogeology_isis3;2012-11;49
usgs-astrogeology_isis3;2012-12;21
usgs-astrogeology_isis3;2013-01;27
usgs-astrogeology_isis3;2013-02;49
usgs-astrogeology_isis3;2013-03;44
usgs-astrogeology_isis3;2013-04;28
usgs-astrogeology_isis3;2013-05;15
usgs-astrogeology_isis3;2013-06;19
usgs-astrogeology_isis3;2013-07;9
usgs-astrogeology_isis3;2013-08;2
usgs-astrogeology_isis3;2013-09;6
usgs-astrogeology_isis3;2013-10;0
usgs-astrogeology_isis3;2013-11;27
usgs-astrogeology_isis3;2013-12;26
usgs-astrogeology_isis3;2014-01;17
usgs-astrogeology_isis3;2014-02;15
usgs-astrogeology_isis3;2014-03;13
usgs-astrogeology_isis3;2014-04;56
usgs-astrogeology_isis3;2014-05;19
usgs-astrogeology_isis3;2014-06;16
usgs-astrogeology_isis3;2014-07;51
usgs-astrogeology_isis3;2014-08;25
usgs-astrogeology_isis3;2014-09;25
usgs-astrogeology_isis3;2014-10;3
usgs-astrogeology_isis3;2014-11;4
usgs-astrogeology_isis3;2014-12;8
usgs-astrogeology_isis3;2015-01;13
usgs-astrogeology_isis3;2015-02;29
usgs-astrogeology_isis3;2015-03;25
usgs-astrogeology_isis3;2015-04;10
usgs-astrogeology_isis3;2015-05;24
usgs-astrogeology_isis3;2015-06;8
usgs-astrogeology_isis3;2015-07;17
usgs-astrogeology_isis3;2015-08;23
usgs-astrogeology_isis3;2015-09;33
usgs-astrogeology_isis3;2015-10;16
usgs-astrogeology_isis3;2015-11;13
usgs-astrogeology_isis3;2015-12;48
usgs-astrogeology_isis3;2016-01;4
usgs-astrogeology_isis3;2016-02;9
usgs-astrogeology_isis3;2016-03;53
usgs-astrogeology_isis3;2016-04;31
usgs-astrogeology_isis3;2016-05;21
usgs-astrogeology_isis3;2016-06;121
usgs-astrogeology_isis3;2016-07;46
usgs-astrogeology_isis3;2016-08;81
usgs-astrogeology_isis3;2016-09;24
usgs-astrogeology_isis3;2016-10;55
usgs-astrogeology_isis3;2016-11;43
usgs-astrogeology_isis3;2016-12;42
usgs-astrogeology_isis3;2017-01;44
usgs-astrogeology_isis3;2017-02;6
usgs-astrogeology_isis3;2017-03;41
usgs-astrogeology_isis3;2017-04;98
usgs-astrogeology_isis3;2017-05;82
usgs-astrogeology_isis3;2017-06;50
usgs-astrogeology_isis3;2017-07;77
usgs-astrogeology_isis3;2017-08;89
usgs-astrogeology_isis3;2017-09;68
usgs-astrogeology_isis3;2017-10;51
usgs-astrogeology_isis3;2017-11;32
usgs-astrogeology_isis3;2017-12;236
usgs-astrogeology_isis3;2018-01;318
usgs-astrogeology_isis3;2018-02;325
usgs-astrogeology_isis3;2018-03;335
usgs-astrogeology_isis3;2018-04;145
usgs-astrogeology_isis3;2018-05;214
usgs-astrogeology_isis3;2018-06;619
usgs-astrogeology_isis3;2018-07;436
usgs-astrogeology_isis3;2018-08;188
usgs-astrogeology_isis3;2018-09;124
usgs-astrogeology_isis3;2018-10;253
usgs-astrogeology_isis3;2018-11;361
usgs-astrogeology_isis3;2018-12;139
usgs-astrogeology_isis3;2019-01;76
usgs-astrogeology_isis3;2019-02;131
usgs-astrogeology_isis3;2019-03;173
usgs-astrogeology_isis3;2019-04;191
usgs-astrogeology_isis3;2019-05;147
usgs-astrogeology_isis3;2019-06;26
usgs-astrogeology_isis3;2019-07;43
usgs-astrogeology_isis3;2019-08;190
usgs-astrogeology_isis3;2019-09;84
usgs-astrogeology_isis3;2019-10;93
usgs-astrogeology_isis3;2019-11;341
usgs-astrogeology_isis3;2019-12;153
usgs-astrogeology_isis3;2020-01;180
usgs-astrogeology_isis3;2020-02;228
usgs-astrogeology_isis3;2020-03;465
usgs-astrogeology_isis3;2020-04;103
usgs-astrogeology_isis3;2020-05;22
usgs-astrogeology_isis3;2020-06;199
usgs-astrogeology_isis3;2020-07;113
usgs-astrogeology_isis3;2020-08;134
usgs-astrogeology_isis3;2020-09;168
usgs-astrogeology_isis3;2020-10;256
usgs-astrogeology_isis3;2020-11;198
usgs-astrogeology_isis3;2020-12;302
usgs-astrogeology_isis3;2021-01;126
usgs-astrogeology_isis3;2021-02;214
usgs-astrogeology_isis3;2021-03;306
usgs-astrogeology_isis3;2021-04;144
usgs-astrogeology_isis3;2021-05;263
usgs-astrogeology_isis3;2021-06;227
usgs-astrogeology_isis3;2021-07;122
usgs-astrogeology_isis3;2021-08;106
usgs-astrogeology_isis3;2021-09;106
usgs-astrogeology_isis3;2021-10;27
usgs-astrogeology_isis3;2021-11;158
usgs-astrogeology_isis3;2021-12;79
usgs-astrogeology_isis3;2022-01;94
usgs-astrogeology_isis3;2022-02;107
usgs-astrogeology_isis3;2022-03;115
usgs-astrogeology_isis3;2022-04;180
usgs-astrogeology_isis3;2022-05;112
usgs-astrogeology_isis3;2022-06;35
usgs-astrogeology_isis3;2022-07;137
usgs-astrogeology_isis3;2022-08;60
usgs-astrogeology_isis3;2022-09;30
usgs-astrogeology_isis3;2022-10;13
usgs-astrogeology_isis3;2022-11;66
usgs-astrogeology_isis3;2022-12;35
usgs-astrogeology_isis3;2023-01;37
usgs-astrogeology_isis3;2023-02;73
usgs-astrogeology_isis3;2023-03;180
usgs-astrogeology_isis3;2023-04;91
usgs-astrogeology_isis3;2023-05;25
usgs-astrogeology_isis3;2023-06;45
usgs-astrogeology_isis3;2023-07;126
usgs-astrogeology_isis3;2023-08;117
usgs-astrogeology_isis3;2023-09;39
usgs-astrogeology_isis3;2023-10;91
usgs-astrogeology_isis3;2023-11;85
usgs-astrogeology_isis3;2023-12;62
usgs-astrogeology_isis3;2024-01;74
usgs-astrogeology_isis3;2024-02;11
usgs-astrogeology_isis3;2024-03;89
usgs-astrogeology_isis3;2024-04;96
usgs-astrogeology_isis3;2024-05;55
usgs-astrogeology_isis3;2024-06;63
usgs-astrogeology_isis3;2024-07;147
usgs-astrogeology_isis3;2024-08;151
usgs-astrogeology_isis3;2024-09;91
usgs-astrogeology_isis3;2024-10;85
usgs-astrogeology_isis3;2024-11;149
usgs-astrogeology_isis3;2024-12;56
usgs-astrogeology_isis3;2025-01;95
usgs-astrogeology_isis3;2025-02;61
usgs-astrogeology_isis3;2025-03;47
usgs-astrogeology_isis3;2025-04;194
usgs-astrogeology_isis3;2025-05;118
usgs-astrogeology_isis3;2025-06;106
usgs-astrogeology_isis3;2025-07;131
usgs-astrogeology_isis3;2025-08;64
usgs-astrogeology_isis3;2025-09;66
sakov_enkf-c;2014-06;45
sakov_enkf-c;2014-07;84
sakov_enkf-c;2014-08;76
sakov_enkf-c;2014-09;18
sakov_enkf-c;2014-10;18
sakov_enkf-c;2014-11;16
sakov_enkf-c;2014-12;32
sakov_enkf-c;2015-01;18
sakov_enkf-c;2015-02;12
sakov_enkf-c;2015-03;8
sakov_enkf-c;2015-04;10
sakov_enkf-c;2015-05;12
sakov_enkf-c;2015-06;16
sakov_enkf-c;2015-07;42
sakov_enkf-c;2015-08;52
sakov_enkf-c;2015-09;21
sakov_enkf-c;2015-10;22
sakov_enkf-c;2015-11;5
sakov_enkf-c;2015-12;4
sakov_enkf-c;2016-01;2
sakov_enkf-c;2016-02;15
sakov_enkf-c;2016-03;19
sakov_enkf-c;2016-04;8
sakov_enkf-c;2016-05;23
sakov_enkf-c;2016-06;26
sakov_enkf-c;2016-07;7
sakov_enkf-c;2016-08;9
sakov_enkf-c;2016-09;20
sakov_enkf-c;2016-10;1
sakov_enkf-c;2016-11;13
sakov_enkf-c;2016-12;3
sakov_enkf-c;2017-01;4
sakov_enkf-c;2017-02;1
sakov_enkf-c;2017-03;37
sakov_enkf-c;2017-04;1
sakov_enkf-c;2017-05;1
sakov_enkf-c;2017-06;2
sakov_enkf-c;2017-07;0
sakov_enkf-c;2017-08;9
sakov_enkf-c;2017-09;15
sakov_enkf-c;2017-10;6
sakov_enkf-c;2017-11;28
sakov_enkf-c;2017-12;15
sakov_enkf-c;2018-01;42
sakov_enkf-c;2018-02;3
sakov_enkf-c;2018-03;13
sakov_enkf-c;2018-04;37
sakov_enkf-c;2018-05;26
sakov_enkf-c;2018-06;47
sakov_enkf-c;2018-07;24
sakov_enkf-c;2018-08;26
sakov_enkf-c;2018-09;26
sakov_enkf-c;2018-10;15
sakov_enkf-c;2018-11;19
sakov_enkf-c;2018-12;3
sakov_enkf-c;2019-01;10
sakov_enkf-c;2019-02;1
sakov_enkf-c;2019-03;33
sakov_enkf-c;2019-04;11
sakov_enkf-c;2019-05;20
sakov_enkf-c;2019-06;25
sakov_enkf-c;2019-07;4
sakov_enkf-c;2019-08;1
sakov_enkf-c;2019-09;26
sakov_enkf-c;2019-10;19
sakov_enkf-c;2019-11;14
sakov_enkf-c;2019-12;17
sakov_enkf-c;2020-01;3
sakov_enkf-c;2020-02;6
sakov_enkf-c;2020-03;32
sakov_enkf-c;2020-04;31
sakov_enkf-c;2020-05;12
sakov_enkf-c;2020-06;5
sakov_enkf-c;2020-07;5
sakov_enkf-c;2020-08;8
sakov_enkf-c;2020-09;7
sakov_enkf-c;2020-10;14
sakov_enkf-c;2020-11;17
sakov_enkf-c;2020-12;11
sakov_enkf-c;2021-01;22
sakov_enkf-c;2021-02;18
sakov_enkf-c;2021-03;9
sakov_enkf-c;2021-04;14
sakov_enkf-c;2021-05;5
sakov_enkf-c;2021-06;23
sakov_enkf-c;2021-07;7
sakov_enkf-c;2021-08;0
sakov_enkf-c;2021-09;7
sakov_enkf-c;2021-10;0
sakov_enkf-c;2021-11;12
sakov_enkf-c;2021-12;4
sakov_enkf-c;2022-01;11
sakov_enkf-c;2022-02;3
sakov_enkf-c;2022-03;5
sakov_enkf-c;2022-04;11
sakov_enkf-c;2022-05;1
sakov_enkf-c;2022-06;4
sakov_enkf-c;2022-07;4
sakov_enkf-c;2022-08;3
sakov_enkf-c;2022-09;4
sakov_enkf-c;2022-10;4
sakov_enkf-c;2022-11;6
sakov_enkf-c;2022-12;2
sakov_enkf-c;2023-01;1
sakov_enkf-c;2023-02;11
sakov_enkf-c;2023-03;9
sakov_enkf-c;2023-04;0
sakov_enkf-c;2023-05;2
sakov_enkf-c;2023-06;12
sakov_enkf-c;2023-07;2
sakov_enkf-c;2023-08;3
sakov_enkf-c;2023-09;2
sakov_enkf-c;2023-10;21
sakov_enkf-c;2023-11;10
sakov_enkf-c;2023-12;11
sakov_enkf-c;2024-01;11
sakov_enkf-c;2024-02;7
sakov_enkf-c;2024-03;5
sakov_enkf-c;2024-04;7
sakov_enkf-c;2024-05;19
sakov_enkf-c;2024-06;10
sakov_enkf-c;2024-07;3
sakov_enkf-c;2024-08;3
sakov_enkf-c;2024-09;3
sakov_enkf-c;2024-10;5
sakov_enkf-c;2024-11;5
sakov_enkf-c;2024-12;0
sakov_enkf-c;2025-01;1
sakov_enkf-c;2025-02;0
sakov_enkf-c;2025-03;0
sakov_enkf-c;2025-04;6
sakov_enkf-c;2025-05;3
sakov_enkf-c;2025-06;6
sakov_enkf-c;2025-07;2
sakov_enkf-c;2025-08;2
sakov_enkf-c;2025-09;3
sakov_enkf-c;2025-10;16
sakov_enkf-c;2025-11;3
sfc-aqua_quisp;2018-04;1
sfc-aqua_quisp;2018-05;50
sfc-aqua_quisp;2018-06;14
sfc-aqua_quisp;2018-07;42
sfc-aqua_quisp;2018-08;12
sfc-aqua_quisp;2018-09;20
sfc-aqua_quisp;2018-10;17
sfc-aqua_quisp;2018-11;60
sfc-aqua_quisp;2018-12;35
sfc-aqua_quisp;2019-01;15
sfc-aqua_quisp;2019-02;15
sfc-aqua_quisp;2019-03;28
sfc-aqua_quisp;2019-04;0
sfc-aqua_quisp;2019-05;0
sfc-aqua_quisp;2019-06;0
sfc-aqua_quisp;2019-07;0
sfc-aqua_quisp;2019-08;0
sfc-aqua_quisp;2019-09;2
sfc-aqua_quisp;2019-10;0
sfc-aqua_quisp;2019-11;0
sfc-aqua_quisp;2019-12;0
sfc-aqua_quisp;2020-01;5
sfc-aqua_quisp;2020-02;31
sfc-aqua_quisp;2020-03;212
sfc-aqua_quisp;2020-04;145
sfc-aqua_quisp;2020-05;0
sfc-aqua_quisp;2020-06;54
sfc-aqua_quisp;2020-07;57
sfc-aqua_quisp;2020-08;4
sfc-aqua_quisp;2020-09;104
sfc-aqua_quisp;2020-10;64
sfc-aqua_quisp;2020-11;0
sfc-aqua_quisp;2020-12;8
sfc-aqua_quisp;2021-01;4
sfc-aqua_quisp;2021-02;12
sfc-aqua_quisp;2021-03;2
sfc-aqua_quisp;2021-04;44
sfc-aqua_quisp;2021-05;63
sfc-aqua_quisp;2021-06;178
sfc-aqua_quisp;2021-07;127
sfc-aqua_quisp;2021-08;116
sfc-aqua_quisp;2021-09;66
sfc-aqua_quisp;2021-10;32
sfc-aqua_quisp;2021-11;36
sfc-aqua_quisp;2021-12;122
sfc-aqua_quisp;2022-01;115
sfc-aqua_quisp;2022-02;54
sfc-aqua_quisp;2022-03;54
sfc-aqua_quisp;2022-04;62
sfc-aqua_quisp;2022-05;24
sfc-aqua_quisp;2022-06;53
sfc-aqua_quisp;2022-07;8
sfc-aqua_quisp;2022-08;74
sfc-aqua_quisp;2022-09;83
sfc-aqua_quisp;2022-10;331
sfc-aqua_quisp;2022-11;275
sfc-aqua_quisp;2022-12;50
sfc-aqua_quisp;2023-01;165
sfc-aqua_quisp;2023-02;242
sfc-aqua_quisp;2023-03;171
sfc-aqua_quisp;2023-04;69
sfc-aqua_quisp;2023-05;16
sfc-aqua_quisp;2023-06;60
sfc-aqua_quisp;2023-07;93
sfc-aqua_quisp;2023-08;103
sfc-aqua_quisp;2023-09;94
sfc-aqua_quisp;2023-10;95
sfc-aqua_quisp;2023-11;16
sfc-aqua_quisp;2023-12;25
sfc-aqua_quisp;2024-01;22
sfc-aqua_quisp;2024-02;35
sfc-aqua_quisp;2024-03;15
sfc-aqua_quisp;2024-04;20
sfc-aqua_quisp;2024-05;37
sfc-aqua_quisp;2024-06;70
sfc-aqua_quisp;2024-07;33
sfc-aqua_quisp;2024-08;0
sfc-aqua_quisp;2024-09;0
sfc-aqua_quisp;2024-10;14
sfc-aqua_quisp;2024-11;2
sfc-aqua_quisp;2024-12;3
sfc-aqua_quisp;2025-01;4
sfc-aqua_quisp;2025-02;1
sfc-aqua_quisp;2025-03;6
sfc-aqua_quisp;2025-04;0
sfc-aqua_quisp;2025-05;9
sfc-aqua_quisp;2025-06;0
sfc-aqua_quisp;2025-07;2
sfc-aqua_quisp;2025-08;3
sfc-aqua_quisp;2025-09;0
sfc-aqua_quisp;2025-10;4
stan-dev_rstanarm;2013-07;9
stan-dev_rstanarm;2013-08;0
stan-dev_rstanarm;2013-09;0
stan-dev_rstanarm;2013-10;0
stan-dev_rstanarm;2013-11;0
stan-dev_rstanarm;2013-12;0
stan-dev_rstanarm;2014-01;0
stan-dev_rstanarm;2014-02;0
stan-dev_rstanarm;2014-03;0
stan-dev_rstanarm;2014-04;0
stan-dev_rstanarm;2014-05;0
stan-dev_rstanarm;2014-06;0
stan-dev_rstanarm;2014-07;0
stan-dev_rstanarm;2014-08;0
stan-dev_rstanarm;2014-09;0
stan-dev_rstanarm;2014-10;0
stan-dev_rstanarm;2014-11;0
stan-dev_rstanarm;2014-12;0
stan-dev_rstanarm;2015-01;0
stan-dev_rstanarm;2015-02;0
stan-dev_rstanarm;2015-03;0
stan-dev_rstanarm;2015-04;0
stan-dev_rstanarm;2015-05;0
stan-dev_rstanarm;2015-06;16
stan-dev_rstanarm;2015-07;84
stan-dev_rstanarm;2015-08;108
stan-dev_rstanarm;2015-09;169
stan-dev_rstanarm;2015-10;91
stan-dev_rstanarm;2015-11;110
stan-dev_rstanarm;2015-12;225
stan-dev_rstanarm;2016-01;185
stan-dev_rstanarm;2016-02;200
stan-dev_rstanarm;2016-03;29
stan-dev_rstanarm;2016-04;78
stan-dev_rstanarm;2016-05;26
stan-dev_rstanarm;2016-06;93
stan-dev_rstanarm;2016-07;62
stan-dev_rstanarm;2016-08;19
stan-dev_rstanarm;2016-09;33
stan-dev_rstanarm;2016-10;75
stan-dev_rstanarm;2016-11;120
stan-dev_rstanarm;2016-12;190
stan-dev_rstanarm;2017-01;112
stan-dev_rstanarm;2017-02;38
stan-dev_rstanarm;2017-03;115
stan-dev_rstanarm;2017-04;75
stan-dev_rstanarm;2017-05;62
stan-dev_rstanarm;2017-06;73
stan-dev_rstanarm;2017-07;131
stan-dev_rstanarm;2017-08;83
stan-dev_rstanarm;2017-09;39
stan-dev_rstanarm;2017-10;71
stan-dev_rstanarm;2017-11;42
stan-dev_rstanarm;2017-12;16
stan-dev_rstanarm;2018-01;10
stan-dev_rstanarm;2018-02;16
stan-dev_rstanarm;2018-03;63
stan-dev_rstanarm;2018-04;85
stan-dev_rstanarm;2018-05;37
stan-dev_rstanarm;2018-06;13
stan-dev_rstanarm;2018-07;8
stan-dev_rstanarm;2018-08;54
stan-dev_rstanarm;2018-09;23
stan-dev_rstanarm;2018-10;138
stan-dev_rstanarm;2018-11;44
stan-dev_rstanarm;2018-12;17
stan-dev_rstanarm;2019-01;5
stan-dev_rstanarm;2019-02;55
stan-dev_rstanarm;2019-03;45
stan-dev_rstanarm;2019-04;44
stan-dev_rstanarm;2019-05;55
stan-dev_rstanarm;2019-06;44
stan-dev_rstanarm;2019-07;11
stan-dev_rstanarm;2019-08;7
stan-dev_rstanarm;2019-09;47
stan-dev_rstanarm;2019-10;59
stan-dev_rstanarm;2019-11;2
stan-dev_rstanarm;2019-12;1
stan-dev_rstanarm;2020-01;15
stan-dev_rstanarm;2020-02;5
stan-dev_rstanarm;2020-03;2
stan-dev_rstanarm;2020-04;6
stan-dev_rstanarm;2020-05;16
stan-dev_rstanarm;2020-06;20
stan-dev_rstanarm;2020-07;53
stan-dev_rstanarm;2020-08;27
stan-dev_rstanarm;2020-09;0
stan-dev_rstanarm;2020-10;12
stan-dev_rstanarm;2020-11;8
stan-dev_rstanarm;2020-12;42
stan-dev_rstanarm;2021-01;7
stan-dev_rstanarm;2021-02;5
stan-dev_rstanarm;2021-03;0
stan-dev_rstanarm;2021-04;1
stan-dev_rstanarm;2021-05;63
stan-dev_rstanarm;2021-06;6
stan-dev_rstanarm;2021-07;0
stan-dev_rstanarm;2021-08;0
stan-dev_rstanarm;2021-09;2
stan-dev_rstanarm;2021-10;2
stan-dev_rstanarm;2021-11;2
stan-dev_rstanarm;2021-12;2
stan-dev_rstanarm;2022-01;0
stan-dev_rstanarm;2022-02;0
stan-dev_rstanarm;2022-03;24
stan-dev_rstanarm;2022-04;7
stan-dev_rstanarm;2022-05;0
stan-dev_rstanarm;2022-06;0
stan-dev_rstanarm;2022-07;0
stan-dev_rstanarm;2022-08;5
stan-dev_rstanarm;2022-09;0
stan-dev_rstanarm;2022-10;0
stan-dev_rstanarm;2022-11;1
stan-dev_rstanarm;2022-12;0
stan-dev_rstanarm;2023-01;0
stan-dev_rstanarm;2023-02;3
stan-dev_rstanarm;2023-03;6
stan-dev_rstanarm;2023-04;18
stan-dev_rstanarm;2023-05;0
stan-dev_rstanarm;2023-06;0
stan-dev_rstanarm;2023-07;7
stan-dev_rstanarm;2023-08;1
stan-dev_rstanarm;2023-09;10
stan-dev_rstanarm;2023-10;21
stan-dev_rstanarm;2023-11;5
stan-dev_rstanarm;2023-12;0
stan-dev_rstanarm;2024-01;7
stan-dev_rstanarm;2024-02;7
stan-dev_rstanarm;2024-03;3
stan-dev_rstanarm;2024-04;5
stan-dev_rstanarm;2024-05;1
stan-dev_rstanarm;2024-06;17
stan-dev_rstanarm;2024-07;3
stan-dev_rstanarm;2024-08;0
stan-dev_rstanarm;2024-09;2
stan-dev_rstanarm;2024-10;0
stan-dev_rstanarm;2024-11;0
stan-dev_rstanarm;2024-12;0
stan-dev_rstanarm;2025-01;0
stan-dev_rstanarm;2025-02;0
stan-dev_rstanarm;2025-03;8
stan-dev_rstanarm;2025-04;1
stan-dev_rstanarm;2025-05;7
stan-dev_rstanarm;2025-06;0
stan-dev_rstanarm;2025-07;0
stan-dev_rstanarm;2025-08;0
stan-dev_rstanarm;2025-09;14
stan-dev_rstanarm;2025-10;5
copasi_copasi-dependencies;2013-03;48
copasi_copasi-dependencies;2013-04;10
copasi_copasi-dependencies;2013-05;2
copasi_copasi-dependencies;2013-06;8
copasi_copasi-dependencies;2013-07;2
copasi_copasi-dependencies;2013-08;4
copasi_copasi-dependencies;2013-09;0
copasi_copasi-dependencies;2013-10;12
copasi_copasi-dependencies;2013-11;7
copasi_copasi-dependencies;2013-12;0
copasi_copasi-dependencies;2014-01;3
copasi_copasi-dependencies;2014-02;1
copasi_copasi-dependencies;2014-03;1
copasi_copasi-dependencies;2014-04;5
copasi_copasi-dependencies;2014-05;0
copasi_copasi-dependencies;2014-06;0
copasi_copasi-dependencies;2014-07;0
copasi_copasi-dependencies;2014-08;0
copasi_copasi-dependencies;2014-09;7
copasi_copasi-dependencies;2014-10;0
copasi_copasi-dependencies;2014-11;3
copasi_copasi-dependencies;2014-12;4
copasi_copasi-dependencies;2015-01;0
copasi_copasi-dependencies;2015-02;0
copasi_copasi-dependencies;2015-03;1
copasi_copasi-dependencies;2015-04;0
copasi_copasi-dependencies;2015-05;6
copasi_copasi-dependencies;2015-06;1
copasi_copasi-dependencies;2015-07;4
copasi_copasi-dependencies;2015-08;1
copasi_copasi-dependencies;2015-09;1
copasi_copasi-dependencies;2015-10;0
copasi_copasi-dependencies;2015-11;0
copasi_copasi-dependencies;2015-12;2
copasi_copasi-dependencies;2016-01;0
copasi_copasi-dependencies;2016-02;0
copasi_copasi-dependencies;2016-03;0
copasi_copasi-dependencies;2016-04;2
copasi_copasi-dependencies;2016-05;0
copasi_copasi-dependencies;2016-06;0
copasi_copasi-dependencies;2016-07;1
copasi_copasi-dependencies;2016-08;17
copasi_copasi-dependencies;2016-09;10
copasi_copasi-dependencies;2016-10;0
copasi_copasi-dependencies;2016-11;14
copasi_copasi-dependencies;2016-12;0
copasi_copasi-dependencies;2017-01;0
copasi_copasi-dependencies;2017-02;13
copasi_copasi-dependencies;2017-03;6
copasi_copasi-dependencies;2017-04;7
copasi_copasi-dependencies;2017-05;5
copasi_copasi-dependencies;2017-06;0
copasi_copasi-dependencies;2017-07;0
copasi_copasi-dependencies;2017-08;18
copasi_copasi-dependencies;2017-09;7
copasi_copasi-dependencies;2017-10;2
copasi_copasi-dependencies;2017-11;3
copasi_copasi-dependencies;2017-12;0
copasi_copasi-dependencies;2018-01;3
copasi_copasi-dependencies;2018-02;8
copasi_copasi-dependencies;2018-03;1
copasi_copasi-dependencies;2018-04;18
copasi_copasi-dependencies;2018-05;5
copasi_copasi-dependencies;2018-06;2
copasi_copasi-dependencies;2018-07;0
copasi_copasi-dependencies;2018-08;0
copasi_copasi-dependencies;2018-09;0
copasi_copasi-dependencies;2018-10;0
copasi_copasi-dependencies;2018-11;0
copasi_copasi-dependencies;2018-12;0
copasi_copasi-dependencies;2019-01;0
copasi_copasi-dependencies;2019-02;0
copasi_copasi-dependencies;2019-03;0
copasi_copasi-dependencies;2019-04;6
copasi_copasi-dependencies;2019-05;6
copasi_copasi-dependencies;2019-06;3
copasi_copasi-dependencies;2019-07;2
copasi_copasi-dependencies;2019-08;0
copasi_copasi-dependencies;2019-09;2
copasi_copasi-dependencies;2019-10;0
copasi_copasi-dependencies;2019-11;0
copasi_copasi-dependencies;2019-12;0
copasi_copasi-dependencies;2020-01;0
copasi_copasi-dependencies;2020-02;0
copasi_copasi-dependencies;2020-03;0
copasi_copasi-dependencies;2020-04;18
copasi_copasi-dependencies;2020-05;4
copasi_copasi-dependencies;2020-06;15
copasi_copasi-dependencies;2020-07;2
copasi_copasi-dependencies;2020-08;3
copasi_copasi-dependencies;2020-09;2
copasi_copasi-dependencies;2020-10;1
copasi_copasi-dependencies;2020-11;7
copasi_copasi-dependencies;2020-12;8
copasi_copasi-dependencies;2021-01;0
copasi_copasi-dependencies;2021-02;0
copasi_copasi-dependencies;2021-03;11
copasi_copasi-dependencies;2021-04;17
copasi_copasi-dependencies;2021-05;2
copasi_copasi-dependencies;2021-06;0
copasi_copasi-dependencies;2021-07;1
copasi_copasi-dependencies;2021-08;0
copasi_copasi-dependencies;2021-09;0
copasi_copasi-dependencies;2021-10;1
copasi_copasi-dependencies;2021-11;3
copasi_copasi-dependencies;2021-12;0
copasi_copasi-dependencies;2022-01;5
copasi_copasi-dependencies;2022-02;1
copasi_copasi-dependencies;2022-03;4
copasi_copasi-dependencies;2022-04;22
copasi_copasi-dependencies;2022-05;2
copasi_copasi-dependencies;2022-06;0
copasi_copasi-dependencies;2022-07;7
copasi_copasi-dependencies;2022-08;0
copasi_copasi-dependencies;2022-09;3
copasi_copasi-dependencies;2022-10;0
copasi_copasi-dependencies;2022-11;0
copasi_copasi-dependencies;2022-12;0
copasi_copasi-dependencies;2023-01;0
copasi_copasi-dependencies;2023-02;0
copasi_copasi-dependencies;2023-03;0
copasi_copasi-dependencies;2023-04;2
copasi_copasi-dependencies;2023-05;3
copasi_copasi-dependencies;2023-06;9
copasi_copasi-dependencies;2023-07;1
copasi_copasi-dependencies;2023-08;1
copasi_copasi-dependencies;2023-09;1
copasi_copasi-dependencies;2023-10;0
copasi_copasi-dependencies;2023-11;0
copasi_copasi-dependencies;2023-12;3
copasi_copasi-dependencies;2024-01;7
copasi_copasi-dependencies;2024-02;1
copasi_copasi-dependencies;2024-03;0
copasi_copasi-dependencies;2024-04;0
copasi_copasi-dependencies;2024-05;1
copasi_copasi-dependencies;2024-06;0
copasi_copasi-dependencies;2024-07;0
copasi_copasi-dependencies;2024-08;0
copasi_copasi-dependencies;2024-09;0
copasi_copasi-dependencies;2024-10;4
copasi_copasi-dependencies;2024-11;6
copasi_copasi-dependencies;2024-12;0
copasi_copasi-dependencies;2025-01;4
copasi_copasi-dependencies;2025-02;1
copasi_copasi-dependencies;2025-03;0
copasi_copasi-dependencies;2025-04;6
copasi_copasi-dependencies;2025-05;5
copasi_copasi-dependencies;2025-06;6
copasi_copasi-dependencies;2025-07;2
copasi_copasi-dependencies;2025-08;0
copasi_copasi-dependencies;2025-09;0
copasi_copasi-dependencies;2025-10;4
copasi_copasi-dependencies;2025-11;7
copasi_copasi-dependencies;2025-12;3
copasi_copasi-dependencies;2026-01;1
copasi_copasi-dependencies;2026-02;0
copasi_copasi-dependencies;2026-03;4
almost-matching-exactly_dame-python-package;2019-08;2
almost-matching-exactly_dame-python-package;2019-09;7
almost-matching-exactly_dame-python-package;2019-10;1
almost-matching-exactly_dame-python-package;2019-11;9
almost-matching-exactly_dame-python-package;2019-12;29
almost-matching-exactly_dame-python-package;2020-01;7
almost-matching-exactly_dame-python-package;2020-02;3
almost-matching-exactly_dame-python-package;2020-03;5
almost-matching-exactly_dame-python-package;2020-04;10
almost-matching-exactly_dame-python-package;2020-05;0
almost-matching-exactly_dame-python-package;2020-06;9
almost-matching-exactly_dame-python-package;2020-07;16
almost-matching-exactly_dame-python-package;2020-08;0
almost-matching-exactly_dame-python-package;2020-09;0
almost-matching-exactly_dame-python-package;2020-10;27
almost-matching-exactly_dame-python-package;2020-11;22
almost-matching-exactly_dame-python-package;2020-12;177
almost-matching-exactly_dame-python-package;2021-01;20
almost-matching-exactly_dame-python-package;2021-02;4
almost-matching-exactly_dame-python-package;2021-03;5
almost-matching-exactly_dame-python-package;2021-04;1
almost-matching-exactly_dame-python-package;2021-05;2
almost-matching-exactly_dame-python-package;2021-06;0
almost-matching-exactly_dame-python-package;2021-07;25
almost-matching-exactly_dame-python-package;2021-08;0
almost-matching-exactly_dame-python-package;2021-09;1
almost-matching-exactly_dame-python-package;2021-10;0
almost-matching-exactly_dame-python-package;2021-11;0
almost-matching-exactly_dame-python-package;2021-12;0
almost-matching-exactly_dame-python-package;2022-01;0
almost-matching-exactly_dame-python-package;2022-02;1
almost-matching-exactly_dame-python-package;2022-03;0
almost-matching-exactly_dame-python-package;2022-04;1
almost-matching-exactly_dame-python-package;2022-05;7
almost-matching-exactly_dame-python-package;2022-06;0
almost-matching-exactly_dame-python-package;2022-07;0
almost-matching-exactly_dame-python-package;2022-08;0
almost-matching-exactly_dame-python-package;2022-09;0
almost-matching-exactly_dame-python-package;2022-10;4
almost-matching-exactly_dame-python-package;2022-11;0
almost-matching-exactly_dame-python-package;2022-12;0
almost-matching-exactly_dame-python-package;2023-01;7
almost-matching-exactly_dame-python-package;2023-02;34
almost-matching-exactly_dame-python-package;2023-03;0
almost-matching-exactly_dame-python-package;2023-04;1
almost-matching-exactly_dame-python-package;2023-05;0
almost-matching-exactly_dame-python-package;2023-06;2
almost-matching-exactly_dame-python-package;2023-07;1
almost-matching-exactly_dame-python-package;2023-08;9
almost-matching-exactly_dame-python-package;2023-09;0
almost-matching-exactly_dame-python-package;2023-10;0
almost-matching-exactly_dame-python-package;2023-11;20
almost-matching-exactly_dame-python-package;2023-12;1
almost-matching-exactly_dame-python-package;2024-01;1
almost-matching-exactly_dame-python-package;2024-02;1
almost-matching-exactly_dame-python-package;2024-03;1
almost-matching-exactly_dame-python-package;2024-04;0
almost-matching-exactly_dame-python-package;2024-05;6
almost-matching-exactly_dame-python-package;2024-06;0
almost-matching-exactly_dame-python-package;2024-07;0
almost-matching-exactly_dame-python-package;2024-08;0
almost-matching-exactly_dame-python-package;2024-09;0
almost-matching-exactly_dame-python-package;2024-10;0
almost-matching-exactly_dame-python-package;2024-11;0
almost-matching-exactly_dame-python-package;2024-12;0
almost-matching-exactly_dame-python-package;2025-01;0
almost-matching-exactly_dame-python-package;2025-02;0
almost-matching-exactly_dame-python-package;2025-03;0
almost-matching-exactly_dame-python-package;2025-04;0
almost-matching-exactly_dame-python-package;2025-05;0
almost-matching-exactly_dame-python-package;2025-06;2
almost-matching-exactly_dame-python-package;2025-07;19
almost-matching-exactly_dame-python-package;2025-08;0
almost-matching-exactly_dame-python-package;2025-09;1
