Project;ncommits;nauthors;from;to;nstars;nforks;lastGHCommitDate;LongestGapStart (YYYY-MM);LongestGapEnd (YYYY-MM);LongestGapLength (months);NumCommitsAfterLastGap;ActivityPattern;NumberOfGapsInTimeline;BeforeThemes;AfterThemes;HypothesizedGapReason;HasRecovered;WhyRecovered;WhoRecovered;Currentstatus;RecentThemes;Notes
gsi-cs-co_chart-fx;3633;53;1557246279;1758770120;613;110;2026-03-13;2025-01;2025-04;4;23;irregular;1;Other:Feature development;Other:Bug fixes;TODO;Yes;TODO;"Mix of returning and new contributors (10 commits by returning, 13 by new; top: lc, florian enner, lacgit)";Active;Bug fixes:Feature development;TODO
bsaul_inferference;328;16;1404407958;1747234885;6;2;2025-05-14;2021-05;2025-04;48;16;irregular;7;Other:Release;Other:Feature development;TODO;Yes;TODO;"Same contributors (16 commits by returning, 0 by new; top: bradley saul, bsaul)";Active;Other:Feature development;TODO
daohu527_dig-into-apollo;425;7;1554864597;1725447268;2457;714;2026-02-03;2023-08;2024-04;9;6;declining;4;Documentation updates:Other;Other:Bug fixes;TODO;Yes;TODO;"Mix of returning and new contributors (4 commits by returning, 2 by new; top: zero, daohu527, pg-wang)";Active;Documentation updates:Bug fixes;TODO
martin2250_opencncpilot;253;15;1474378401;1759704094;427;124;2025-04-28;2021-03;2022-03;13;61;declining;11;Other:Feature development;Other:Bug fixes;TODO;Yes;TODO;"Mix of returning and new contributors (12 commits by returning, 49 by new; top: deharro, paciente8159, martin pittermann)";Active;Bug fixes:Documentation updates;TODO
usgs-astrogeology_isis3;18318;200;1276037385;1759270719;245;182;2026-09-24;2013-10;2013-10;1;15223;irregular;0;Bug fixes:Feature development;Bug fixes:Other;TODO;Yes;TODO;"Mix of returning and new contributors (1855 commits by returning, 13368 by new; top: jesse mapel, acpaquette, kristin)";Active;Release:Bug fixes;TODO
sakov_enkf-c;1772;7;1403133737;1762472241;47;25;2026-09-22;2025-02;2025-03;2;41;declining;0;Other:Documentation updates;Other:Documentation updates;TODO;Yes;TODO;"Same contributors (41 commits by returning, 0 by new; top: sakov, pavel sakov)";Active;Other;TODO
sfc-aqua_quisp;4409;87;1524058198;1761562984;109;43;2026-03-31;2019-04;2019-08;5;4100;irregular;2;Other:Feature development;Documentation updates:Other;TODO;Yes;TODO;"Mix of returning and new contributors (3 commits by returning, 4097 by new; top: zigen, chibikuri, soon)";Active;Bug fixes:Other;TODO
stan-dev_rstanarm;4146;64;1373994672;1761779325;401;136;2026-09-21;2013-08;2015-05;22;4137;declining;4;Other:Feature development;Other:Feature development;TODO;Yes;TODO;"Mix of returning and new contributors (1232 commits by returning, 2905 by new; top: jgabry, ben goodrich, sam brilleman)";Active;Bug fixes:Other;TODO
copasi_copasi-dependencies;515;16;1362398954;1773320863;7;3;2026-09-16;2018-07;2019-03;9;240;declining;6;Bug fixes:Other;Bug fixes:Dependency updates;TODO;Yes;TODO;"Mix of returning and new contributors (234 commits by returning, 6 by new; top: frank t. bergmann, stefan hoops, frank t. bergmann)";Active;Other:Dependency updates;TODO
almost-matching-exactly_dame-python-package;501;23;1564697002;1758126548;64;15;2025-07-26;2024-06;2025-05;12;22;declining;3;Other:Bug fixes;Other:Bug fixes;TODO;Yes;TODO;"Same contributors (22 commits by returning, 0 by new; top: neha gupta, nick eubank, nick eubank)";Active;Other:Bug fixes;TODO
