Month;#Commits
2019-08;2
2019-09;7
2019-10;1
2019-11;9
2019-12;29
2020-01;7
2020-02;3
2020-03;5
2020-04;10
2020-05;0
2020-06;9
2020-07;16
2020-08;0
2020-09;0
2020-10;27
2020-11;22
2020-12;177
2021-01;20
2021-02;4
2021-03;5
2021-04;1
2021-05;2
2021-06;0
2021-07;25
2021-08;0
2021-09;1
2021-10;0
2021-11;0
2021-12;0
2022-01;0
2022-02;1
2022-03;0
2022-04;1
2022-05;7
2022-06;0
2022-07;0
2022-08;0
2022-09;0
2022-10;4
2022-11;0
2022-12;0
2023-01;7
2023-02;34
2023-03;0
2023-04;1
2023-05;0
2023-06;2
2023-07;1
2023-08;9
2023-09;0
2023-10;0
2023-11;20
2023-12;1
2024-01;1
2024-02;1
2024-03;1
2024-04;0
2024-05;6
2024-06;0
2024-07;0
2024-08;0
2024-09;0
2024-10;0
2024-11;0
2024-12;0
2025-01;0
2025-02;0
2025-03;0
2025-04;0
2025-05;0
2025-06;2
2025-07;19
2025-08;0
2025-09;1
